SKU_Articulo;Nombre;Medidas;Imagen;Despiece_Texto;ID_Material;Cantidad_Necesaria;Merma_Estimada
LAMPARA-NORDIC;;;;;LISTON-PINO-2X2;120;1.1
CUADRO;;;;;LISTON-PINO-2X2;40;1.1
CHSPORTRO0014;Portavelas Rústico Madera 4 velas;20x23x8 cm aprox;C:/mis app de noxertez 2/mega gestor noxertez/imagenes/CANDLEHOLDER\CHSPORTRO0014\chsportro0014_v1.jpg;;;0;1.1
CHSPORZIG0011;Portavelas 3 velas  Madera centenaria zig zag recto;28 x 10 x 3 cm;C:/mis app de noxertez 2/mega gestor noxertez/imagenes/CANDLEHOLDER\CHSPORZIG0011\chsporzig0011_v1.jpg;;;0;1.1
CHSPORZIG0012;Portavelas 4 velas  Madera centenaria zig zag biselado;28x 10 x 3 cm;C:/mis app de noxertez 2/mega gestor noxertez/imagenes/CANDLEHOLDER\CHSPORZIG0012\chsporzig0012_v1.jpg;;;0;1.1
CHSPORALF0004;Portavelas 3 velas  Madera centenaria recto;22 x 7 x 3.5;C:/mis app de noxertez 2/mega gestor noxertez/imagenes/CANDLEHOLDER\CHSPORALF0004\chsporalf0004_v1.jpg;;;0;1.1
CHSINCREF0029;Porta incienso de reflujo en olivo centenario;;C:/mis app de noxertez 2/mega gestor noxertez/imagenes/CANDLEHOLDER\CHSINCREF0029\chsincref0029_v1.jpg;;;0;1.1
CHSPOROLI0003;Portavelas Individual Rústico de Olivo;según pieza;C:/mis app de noxertez 2/mega gestor noxertez/imagenes/CANDLEHOLDER\CHSPOROLI0003\chsporoli0003_v1.jpg;;;0;1.1
CHSINCCUR0028;Portaincienso de Madera Natural;30 cm x 6 cm x 3 cm;C:/mis app de noxertez 2/mega gestor noxertez/imagenes/CANDLEHOLDER\CHSINCCUR0028\chsinccur0028_v1.jpg;;;0;1.1
CHSPORALF0009;Portavelas 5 velas  Madera centenaria biselado;34 x 7 x 3.5 cm;C:/mis app de noxertez 2/mega gestor noxertez/imagenes/CANDLEHOLDER\CHSPORALF0009\chsporalf0009_v1.jpg;;;0;1.1
CHSPORPIE0019;Portavelas Geométrico Madera Facetada;10 cm x 10 cm x 4 cm;C:/mis app de noxertez 2/mega gestor noxertez/imagenes/CANDLEHOLDER\CHSPORPIE0019\chsporpie0019_v1.jpg;;;0;1.1
CHSPORZIZ0012;Portavelas 4 velas  Madera centenaria zig zag recto;28 x 10 x 3 cm;C:/mis app de noxertez 2/mega gestor noxertez/imagenes/CANDLEHOLDER\CHSPORZIZ0012\chsporziz0012_v1.jpg;;;0;1.1
CHSPORZIG0013;Portavelas 6 velas  Madera centenaria zig zag biselado;34 cm x 7 cm x 3 cm;C:/mis app de noxertez 2/mega gestor noxertez/imagenes/CANDLEHOLDER\CHSPORZIG0013\chsporzig0013_v1.jpg;;;0;1.1
CHSPORALF0007;Portavelas 3 velas  Madera centenaria biselado;22 cm x 7 cm x 3.5 cm;C:/mis app de noxertez 2/mega gestor noxertez/imagenes/CANDLEHOLDER\CHSPORALF0007\chsporalf0007_v1.jpg;;;0;1.1
CHSPOROLI0002;Portavelas Triple de Madera de Olivo;;C:/mis app de noxertez 2/mega gestor noxertez/imagenes/CANDLEHOLDER\CHSPOROLI0002\chsporoli0002_v1.jpg;;;0;1.1
CHSPORALF0008;Portavelas 4 velas  Madera centenaria biselado;28 x 7 x 3.5 cm;C:/mis app de noxertez 2/mega gestor noxertez/imagenes/CANDLEHOLDER\CHSPORALF0008\chsporalf0008_v1.jpg;;;0;1.1
CHSPORCUA0026;Portavelas de Madera Cuadrado 1 vela;7x7x3.5 cm;C:/mis app de noxertez 2/mega gestor noxertez/imagenes/CANDLEHOLDER\CHSPORCUA0026\chsporcua0026_v1.jpg;;;0;1.1
CHSPORCON0015;Portavelas Cuadrado de Madera Plywood;7 x 7 x 3 cm;C:/mis app de noxertez 2/mega gestor noxertez/imagenes/CANDLEHOLDER\CHSPORCON0015\chsporcon0015_v1.jpg;;;0;1.1
CHSPORZIG0014;Portavelas 6 velas  Madera centenaria zig zag recto;34 x 10 x 3 cm;C:/mis app de noxertez 2/mega gestor noxertez/imagenes/CANDLEHOLDER\CHSPORZIG0014\chsporzig0014_v1.jpg;;;0;1.1
CHSPORALF0006;Portavelas 5 velas  Madera centenaria recto;34 x 7 x 3.5 cm;C:/mis app de noxertez 2/mega gestor noxertez/imagenes/CANDLEHOLDER\CHSPORALF0006\chsporalf0006_v1.jpg;;;0;1.1
CHSPORPIE0016;Portavelas Madera Piedra Alargada;;C:/mis app de noxertez 2/mega gestor noxertez/imagenes/CANDLEHOLDER\CHSPORPIE0016\chsporpie0016_v1.jpg;;;0;1.1
CHSPORALF0005;Portavelas 4 velas  Madera centenaria recto;28 cm x 7 cm x 3.5 cm;C:/mis app de noxertez 2/mega gestor noxertez/imagenes/CANDLEHOLDER\CHSPORALF0005\chsporalf0005_v1.jpg;;;0;1.1
CHSINCREC0027;Portaincienso Rectangular de Madera centenaria;30 cm x 6 cm x 3 cm;C:/mis app de noxertez 2/mega gestor noxertez/imagenes/CANDLEHOLDER\CHSINCREC0027\chsincrec0027_v1.jpg;;;0;1.1
NXTCUA3DX0018;Cuadro Mosaico 3D Madera Multicolor;30 cm x 30 cm x 6 cm;C:/Users/usuario/Desktop/noxertez/creador de catalogos de noxertez/imagenes/NOXERTEZ\NXTCUA3DX0018\nxtcua3dx0018-multicolor_v1.jpg;;;0;1.1
NXTCUACOR0006;Cuadro Corazón Dorado Marco Rojo;28 x 28 x 3 cm;C:/Users/usuario/Desktop/noxertez/creador de catalogos de noxertez/imagenes/NOXERTEZ\NXTCUACOR0006\nxtcuacor0006-amarillo_v1.jpg;;;0;1.1
NXTCUACOR0007;Cuadro Corazón Madera Marco Violeta;28 cm x 28 cm x 3 cm;C:/Users/usuario/Desktop/noxertez/creador de catalogos de noxertez/imagenes/NOXERTEZ\NXTCUACOR0007\nxtcuacor0007-amarillo_v1.jpg;;;0;1.1
NXTCUACOR0005;Cuadro Corazón Madera Tallada Naranja;28 x 28 x 3 cm;C:/Users/usuario/Desktop/noxertez/creador de catalogos de noxertez/imagenes/NOXERTEZ\NXTCUACOR0005\nxtcuacor0005-amarillo_v1.jpg;;;0;1.1
NXTCUACOR0004;Cuadro Corazón Madera Naranja;25 x 25 x 5 cm;C:/Users/usuario/Desktop/noxertez/creador de catalogos de noxertez/imagenes/NOXERTEZ\NXTCUACOR0004\nxtcuacor0004-naranja_v1.jpg;;;0;1.1
NXTCUACOR0003;Cuadro Corazón Cerámico Amarillo;28x28x3;C:/Users/usuario/Desktop/noxertez/creador de catalogos de noxertez/imagenes/NOXERTEZ\NXTCUACOR0003\nxtcuacor0003-amarillo_v1.jpg;;;0;1.1
NXTCUACOR0011;Cuadro Corazón Madera Dorada en Caja;28 cm x 28 cm x 3 cm;C:/Users/usuario/Desktop/noxertez/creador de catalogos de noxertez/imagenes/NOXERTEZ\NXTCUACOR0011\nxtcuacor0011-amarillo_v1.jpg;;;0;1.1
NXTCUACOR0010;Cuadro Corazón Madera celeste;28 x 28 x 3 cm;C:/Users/usuario/Desktop/noxertez/creador de catalogos de noxertez/imagenes/NOXERTEZ\NXTCUACOR0010\nxtcuacor0010-amarillo_v1.jpg;;;0;1.1
NXTCUACOR0012;Cuadro Corazón Madera 3D;28 x 28 x 3 cm;C:/Users/usuario/Desktop/noxertez/creador de catalogos de noxertez/imagenes/NOXERTEZ\NXTCUACOR0012\nxtcuacor0012-amarillo_v1.jpg;;;0;1.1
NXTCUACOR0009;Cuadro Corazón Dorado Fondo Verde;28x28x4 cm;C:/Users/usuario/Desktop/noxertez/creador de catalogos de noxertez/imagenes/NOXERTEZ\NXTCUACOR0009\nxtcuacor0009-amarillo_v1.jpg;;;0;1.1
NXTCUACOR0008;Cuadro Artesanal Corazón en Madera Verde;28x28x3 cm;C:/Users/usuario/Desktop/noxertez/creador de catalogos de noxertez/imagenes/NOXERTEZ\NXTCUACOR0008\nxtcuacor0008-amarillo_v1.jpg;;;0;1.1
NXTCUACOR0020;Corazón Rústico Madera y Luces;45 cm x 37 cm aprox;C:/Users/usuario/Desktop/noxertez/creador de catalogos de noxertez/imagenes/NOXERTEZ\NXTCUACOR0020\nxtcuacor0020_v1.jpg;;;0;1.1
NXTCUANAU0021;Cuadro Velero Madera Rústico;28 x 28 x 3 cm;C:/Users/usuario/Desktop/noxertez/creador de catalogos de noxertez/imagenes/NOXERTEZ\NXTCUANAU0021\nxtcuanau0021_v1.jpg;;;0;1.1
pepepe;oleeeeeee;;imagenes\pepepe\pepepe_1.png;;;0;1.1
CHSPORTRO0030;Portavelas Rústico Madera 4 velas;20x23x8 cm aprox;C:/Users/usuario/Desktop/noxertez/creador de catalogos de noxertez/imagenes\CANDLEHOLDER\CHSPORTRO0030\CHSPORTRO0030_gal_1.jpg;;;0;1.1
NXTCUANAU0032;Cuadro Trío Marino Clásico;28 x 28 x 3 cm;C:\Users\usuario\Desktop\noxertez\creador de catalogos de noxertez\imagenes\NOXERTEZ\NXTCUANAU0032\NXTCUANAU0032_1.jpg;;;0;1.1
NXTCUANAU0033;Dúo de Peces en Relieve;28 x 28 x 3 cm;C:\Users\usuario\Desktop\noxertez\creador de catalogos de noxertez\imagenes\NOXERTEZ\NXTCUANAU0033\NXTCUANAU0033_1.jpg;;;0;1.1
NXTDECDEC0035;Peces de Madera en Estuche Artesanal;20 x 15 x 5 cm;C:\Users\usuario\Desktop\noxertez\creador de catalogos de noxertez\imagenes\NOXERTEZ\NXTDECDEC0035\NXTDECDEC0035_1.jpg;;;0;1.1
NXTPEDESC0037;Cardumen en Madera Noble;;C:\Users\usuario\Desktop\noxertez\creador de catalogos de noxertez\imagenes\NOXERTEZ\NXTPEDESC0037\NXTPEDESC0037_1.jpg;;;0;1.1
NXTLAMPAL0041;Lámpara de Madera Arquitectónica;40 x 10 x 10 cm;C:\Users\usuario\Desktop\noxertez\creador de catalogos de noxertez\imagenes\NOXERTEZ\NXTLAMPAL0041\NXTDECLÁM0040_1.png;;;0;1.1
